"Year","Sample_Size","Linear","Quadratic"
2012,57,-0.192876172987036,-0.119381555100731
2013,57,-0.188603788569611,0.113404451765028
2014,57,-0.0578596565616787,-0.0359199740868267
