"Term","Type","Beta_Coefficient","Standard_Error","P_Value","Variance","Group"
"pmx","Linear",-0.179015747798898,0.101403755916145,0.0809694910641373,0.0102827217139011,"Crescent Pond"
"pmx²","Quadratic",-0.359942514706565,0.247917724147213,0.15009576414191,0.0614631979463334,"Crescent Pond"
"pmx","Linear",-0.0394005753852472,0.13493095280303,0.770925934555675,0.0182063620243334,"Little Lake"
"pmx²","Quadratic",0.154570258638493,0.211342543295096,0.466370588671591,0.0446656706064394,"Little Lake"
