"Term","Type","Beta_Coefficient","Standard_Error","P_Value","Variance","Group"
"pmx","Linear",0.00201589610526414,0.0133772306666174,0.733532851791909,0.000178950300307889,"Crescent Pond"
"pmx²","Quadratic",-0.0477288913534491,0.021363117867143,0.0179427451435242,0.000456382805005444,"Crescent Pond"
"pmx","Linear",-0.0179344638819848,0.0119278298209761,0.136047167275919,0.000142273124238166,"Little Lake"
"pmx²","Quadratic",-0.00463574163434243,0.0201520523815131,0.732441562029647,0.000406105215187247,"Little Lake"
