"Term","Type","Beta_Coefficient","Standard_Error","P_Value","Variance","Group"
"eye","Linear",0.144873577806555,0.0951916481614341,0.131615820325196,0.00906144987969026,"Crescent Pond"
"eye²","Quadratic",0.141826515527717,0.16275086615708,0.385888885804565,0.0264878444348798,"Crescent Pond"
"eye","Linear",0.286279645891638,0.10207823313986,0.00612312874255569,0.0104199656809555,"Little Lake"
"eye²","Quadratic",-0.119280074365271,0.13404522405821,0.37581844704674,0.0179681220928156,"Little Lake"
