"Term","Type","Beta_Coefficient","Standard_Error","P_Value","Variance","Group"
"jaw","Linear",-0.294320423115021,0.0995895475156922,0.00400737287219608,0.00991807797438032,"Crescent Pond"
"jaw²","Quadratic",-0.211416025108152,0.176722838530393,0.23478731071235,0.0312309616582395,"Crescent Pond"
"jaw","Linear",0.0136053178494742,0.151100139073364,0.928445635684606,0.02283125202799,"Little Lake"
"jaw²","Quadratic",0.0399389890722977,0.225795137220321,0.859982006736006,0.0509834439923434,"Little Lake"
