"Term","Type","Beta_Coefficient","Standard_Error","P_Value","Variance","Group"
"eye","Linear",-0.0152360174469929,0.0117787018189526,0.149836080834664,0.000138737816539798,"Crescent Pond"
"eye²","Quadratic",-0.0284698094174951,0.0182839369004131,0.0936569898514925,0.000334302348578287,"Crescent Pond"
"eye","Linear",0.00900484081700173,0.0112344449944787,0.464705287174397,0.000126212754333968,"Little Lake"
"eye²","Quadratic",0.0142426895504563,0.0141706251887816,0.361018636913079,0.000200806618240932,"Little Lake"
