"lake","S","n"
"Crescent Pond",-0.0095029477696486,892
"Little Lake",-0.0145275150448073,973
