"lake","S","n"
"Crescent Pond",-0.0459803501158854,892
"Little Lake",0.00779413806320237,973
