"lake","S","n"
"Crescent Pond",0.00416904283889292,892
"Little Lake",0.0156980022815445,973
