"lake","S","n"
"Crescent Pond",-0.20806753603963,892
"Little Lake",-0.102736164201505,973
