"lake","S","n"
"Crescent Pond",-0.0548666373774037,892
"Little Lake",-0.147104794763321,973
