"lake","S","n"
"Crescent Pond",-0.211371699318266,892
"Little Lake",-0.0439652846272198,973
