"lake","S","n"
"Crescent Pond",0.0573499397655478,892
"Little Lake",0.018212233108389,973
