"lake","S","n"
"Crescent Pond",-0.071173920033334,892
"Little Lake",-0.0260224184589328,973
