"lake","S","n"
"Crescent Pond",0.324935130499448,892
"Little Lake",0.107565679360514,973
