"lake","S","n"
"Crescent Pond",-0.105553543280484,892
"Little Lake",-0.0243372748973133,973
