"lake","S","n"
"Crescent Pond",-0.106516200608373,892
"Little Lake",0.0971480757647487,973
