"lake","S","n"
"Crescent Pond",-0.0538886608747751,892
"Little Lake",0.000566508218529139,973
